REM INSERTING into CUSTOMER
SET DEFINE OFF;
Insert into CUSTOMER (IDCUSTOMER,NAMACUSTOMER,JENISKELAMIN,TGLLAHIR,ALAMAT,EMAIL,NOTELP) values ('CUS001','Ahda Pian Muza','L',to_date('01-JAN-80','DD-MON-RR'),'SUKABUMI','ahdapian@gmail.com','081218305101');
Insert into CUSTOMER (IDCUSTOMER,NAMACUSTOMER,JENISKELAMIN,TGLLAHIR,ALAMAT,EMAIL,NOTELP) values ('CUS002','Artanabil Raqila Shahbaz','L',to_date('03-FEB-82','DD-MON-RR'),'BANDUNG','artanabilraqila@gmail.com','081218305102');
Insert into CUSTOMER (IDCUSTOMER,NAMACUSTOMER,JENISKELAMIN,TGLLAHIR,ALAMAT,EMAIL,NOTELP) values ('CUS003','Althaf Rifqie Abrisam','L',to_date('05-MAR-85','DD-MON-RR'),'BANDUNG','althafrifqie@gmail.com','081218305103');
Insert into CUSTOMER (IDCUSTOMER,NAMACUSTOMER,JENISKELAMIN,TGLLAHIR,ALAMAT,EMAIL,NOTELP) values ('CUS004','Aijaz Eshal Kesawa','L',to_date('07-APR-87','DD-MON-RR'),'ACEH','aijazeshal@gmail.com','081218305104');
Insert into CUSTOMER (IDCUSTOMER,NAMACUSTOMER,JENISKELAMIN,TGLLAHIR,ALAMAT,EMAIL,NOTELP) values ('CUS005','Abdul Hanif Rahmadhani','L',to_date('09-MAY-89','DD-MON-RR'),'BANTEN','abdulhanif@gmail.com','081218305105');
Insert into CUSTOMER (IDCUSTOMER,NAMACUSTOMER,JENISKELAMIN,TGLLAHIR,ALAMAT,EMAIL,NOTELP) values ('CUS006','Aqilla Fariza Mufia','P',to_date('11-JUN-81','DD-MON-RR'),'SERANG','aqillafariza@gmail.com','081218305106');
Insert into CUSTOMER (IDCUSTOMER,NAMACUSTOMER,JENISKELAMIN,TGLLAHIR,ALAMAT,EMAIL,NOTELP) values ('CUS007','Azahra Lamia Jaelani','P',to_date('13-JUL-83','DD-MON-RR'),'SUKABUMI','azahralamia@gmail.com','081218305107');
Insert into CUSTOMER (IDCUSTOMER,NAMACUSTOMER,JENISKELAMIN,TGLLAHIR,ALAMAT,EMAIL,NOTELP) values ('CUS008','Annasya Adrena Shaila','P',to_date('15-AUG-86','DD-MON-RR'),'BENGKULU','annasyaadrena@gmail.com','081218305108');
Insert into CUSTOMER (IDCUSTOMER,NAMACUSTOMER,JENISKELAMIN,TGLLAHIR,ALAMAT,EMAIL,NOTELP) values ('CUS009','Azrina Rziya Shazfa','P',to_date('17-SEP-88','DD-MON-RR'),'BANDUNG','azrinarziya@gmail.com','081218305109');
Insert into CUSTOMER (IDCUSTOMER,NAMACUSTOMER,JENISKELAMIN,TGLLAHIR,ALAMAT,EMAIL,NOTELP) values ('CUS010','Azkayra Yasna Malaika','P',to_date('19-OCT-90','DD-MON-RR'),'GORONTALO','azkayrayasna@gmail.com','081218305110');
Insert into CUSTOMER (IDCUSTOMER,NAMACUSTOMER,JENISKELAMIN,TGLLAHIR,ALAMAT,EMAIL,NOTELP) values ('CUS011','Andi Azka Raffasya','L',to_date('21-NOV-80','DD-MON-RR'),'MALANG','andiazka@gmail.com','081218305111');
Insert into CUSTOMER (IDCUSTOMER,NAMACUSTOMER,JENISKELAMIN,TGLLAHIR,ALAMAT,EMAIL,NOTELP) values ('CUS012','Abrisam Rafif Ashari','L',to_date('23-DEC-81','DD-MON-RR'),'BENGKULU','abrisamrafif@gmail.com','081218305112');
Insert into CUSTOMER (IDCUSTOMER,NAMACUSTOMER,JENISKELAMIN,TGLLAHIR,ALAMAT,EMAIL,NOTELP) values ('CUS013','Arista Adinda Zahrany','P',to_date('25-JAN-84','DD-MON-RR'),'KEDIRI','aristaadinda@gmail.com','081218305113');
Insert into CUSTOMER (IDCUSTOMER,NAMACUSTOMER,JENISKELAMIN,TGLLAHIR,ALAMAT,EMAIL,NOTELP) values ('CUS014','Adifa Ashalina Fauza','P',to_date('27-FEB-85','DD-MON-RR'),'ACEH','adifaashalina@gmail.com','081218305114');
Insert into CUSTOMER (IDCUSTOMER,NAMACUSTOMER,JENISKELAMIN,TGLLAHIR,ALAMAT,EMAIL,NOTELP) values ('CUS015','Azril Haikal Alindra','L',to_date('29-MAR-88','DD-MON-RR'),'MALANG','azrilhaikal@gmail.com','081218305115');
Insert into CUSTOMER (IDCUSTOMER,NAMACUSTOMER,JENISKELAMIN,TGLLAHIR,ALAMAT,EMAIL,NOTELP) values ('CUS016','Arumi Nasha Razita','P',to_date('01-APR-89','DD-MON-RR'),'JAKARTA','aruminasha@gmail.com','081218305116');
Insert into CUSTOMER (IDCUSTOMER,NAMACUSTOMER,JENISKELAMIN,TGLLAHIR,ALAMAT,EMAIL,NOTELP) values ('CUS017','Abizard Faraz Raufa','L',to_date('02-MAY-78','DD-MON-RR'),'MADIUN','abizardfaraz@gmail.com','081218305117');
Insert into CUSTOMER (IDCUSTOMER,NAMACUSTOMER,JENISKELAMIN,TGLLAHIR,ALAMAT,EMAIL,NOTELP) values ('CUS019','Auzan Rudi Syauqi','L',to_date('04-JUL-79','DD-MON-RR'),'SURAKARTA','auzanrudisyauqi@gmail.com','081218305119');
Insert into CUSTOMER (IDCUSTOMER,NAMACUSTOMER,JENISKELAMIN,TGLLAHIR,ALAMAT,EMAIL,NOTELP) values ('CUS018','Alula Shahin Lashira','P',to_date('03-JUN-92','DD-MON-RR'),'JAKARTA','alulashahin@gmail.com','081218305118');
Insert into CUSTOMER (IDCUSTOMER,NAMACUSTOMER,JENISKELAMIN,TGLLAHIR,ALAMAT,EMAIL,NOTELP) values ('CUS020','Almeer Izhar Mauza','L',to_date('05-AUG-91','DD-MON-RR'),'GORONTALO','almeerizhar@gmail.com','081218305120');
Insert into CUSTOMER (IDCUSTOMER,NAMACUSTOMER,JENISKELAMIN,TGLLAHIR,ALAMAT,EMAIL,NOTELP) values ('CUS021','Bariz Nufail Zuhayr','L',to_date('10-SEP-90','DD-MON-RR'),'ACEH','bariznufail@gmail.com','081218305121');
Insert into CUSTOMER (IDCUSTOMER,NAMACUSTOMER,JENISKELAMIN,TGLLAHIR,ALAMAT,EMAIL,NOTELP) values ('CUS022','Bashir Khairan Thaarir','L',to_date('09-OCT-80','DD-MON-RR'),'KEDIRI','bashirkhairan@gmail.com','081218305122');
Insert into CUSTOMER (IDCUSTOMER,NAMACUSTOMER,JENISKELAMIN,TGLLAHIR,ALAMAT,EMAIL,NOTELP) values ('CUS023','Bezhad Haziq Shaquile','L',to_date('08-NOV-88','DD-MON-RR'),'BANDUNG','bezhadhaziq@gmail.com','081218305123');
Insert into CUSTOMER (IDCUSTOMER,NAMACUSTOMER,JENISKELAMIN,TGLLAHIR,ALAMAT,EMAIL,NOTELP) values ('CUS024','Chairil Rafqi Alfarezel','L',to_date('07-DEC-82','DD-MON-RR'),'BANDUNG','chairilrafqi@gmail.com','081218305124');
Insert into CUSTOMER (IDCUSTOMER,NAMACUSTOMER,JENISKELAMIN,TGLLAHIR,ALAMAT,EMAIL,NOTELP) values ('CUS025','Abila Rezfan Azkadina','P',to_date('06-JAN-86','DD-MON-RR'),'SUKABUMI','abilarezfa@gmail.com','081218305125');
Insert into CUSTOMER (IDCUSTOMER,NAMACUSTOMER,JENISKELAMIN,TGLLAHIR,ALAMAT,EMAIL,NOTELP) values ('CUS026','Dzaki Athahillah Farhan','L',to_date('11-FEB-84','DD-MON-RR'),'SUKABUMI','dzakiathahilla@gmail.com','081218305126');
Insert into CUSTOMER (IDCUSTOMER,NAMACUSTOMER,JENISKELAMIN,TGLLAHIR,ALAMAT,EMAIL,NOTELP) values ('CUS027','Bariqah Kadziyah Tanzila','P',to_date('12-MAR-85','DD-MON-RR'),'GORONTALO','bariqahkadziyah@gmail.com','081218305127');
Insert into CUSTOMER (IDCUSTOMER,NAMACUSTOMER,JENISKELAMIN,TGLLAHIR,ALAMAT,EMAIL,NOTELP) values ('CUS028','Balqis Almaira Khainuna','P',to_date('13-APR-81','DD-MON-RR'),'MALANG','balqisalmaira@gmail.com','081218305128');
Insert into CUSTOMER (IDCUSTOMER,NAMACUSTOMER,JENISKELAMIN,TGLLAHIR,ALAMAT,EMAIL,NOTELP) values ('CUS029','Dzulhairi Arshaq Kamil','L',to_date('14-MAY-89','DD-MON-RR'),'JAKARTA','dzulhairiarshaq@gmail.com','081218305129');
Insert into CUSTOMER (IDCUSTOMER,NAMACUSTOMER,JENISKELAMIN,TGLLAHIR,ALAMAT,EMAIL,NOTELP) values ('CUS030','Clemira Thalihah Fawaz','P',to_date('15-JUN-80','DD-MON-RR'),'JAKARTA','clemirathalihah@gmail.com','081218305130');
Insert into CUSTOMER (IDCUSTOMER,NAMACUSTOMER,JENISKELAMIN,TGLLAHIR,ALAMAT,EMAIL,NOTELP) values ('CUS031','Didin Ahmad Nashrudin','L',to_date('01-JAN-80','DD-MON-RR'),'SURAKARTA','didinahmad@gmail.com','081218305131');
Insert into CUSTOMER (IDCUSTOMER,NAMACUSTOMER,JENISKELAMIN,TGLLAHIR,ALAMAT,EMAIL,NOTELP) values ('CUS032','Carissa Laiqa Shatierra','P',to_date('10-FEB-85','DD-MON-RR'),'SURAKARTA','carissalaiqa@gmail.com','081218305132');
Insert into CUSTOMER (IDCUSTOMER,NAMACUSTOMER,JENISKELAMIN,TGLLAHIR,ALAMAT,EMAIL,NOTELP) values ('CUS033','Dafi Fakhrul Khairil','L',to_date('02-MAY-82','DD-MON-RR'),'SUKABUMI','dafifakhrul@gmail.com','081218305133');
Insert into CUSTOMER (IDCUSTOMER,NAMACUSTOMER,JENISKELAMIN,TGLLAHIR,ALAMAT,EMAIL,NOTELP) values ('CUS034','Cherika Shakayla Nayara','P',to_date('08-JUN-87','DD-MON-RR'),'SUKABUMI','cherikashakayla@gmail.com','081218305134');
Insert into CUSTOMER (IDCUSTOMER,NAMACUSTOMER,JENISKELAMIN,TGLLAHIR,ALAMAT,EMAIL,NOTELP) values ('CUS035','Devry Zaflan Shafiulla','L',to_date('03-SEP-84','DD-MON-RR'),'BANDUNG','devryzaflan@gmail.com','081218305135');
Insert into CUSTOMER (IDCUSTOMER,NAMACUSTOMER,JENISKELAMIN,TGLLAHIR,ALAMAT,EMAIL,NOTELP) values ('CUS036','Daisha Zakia Syafrina','P',to_date('06-OCT-89','DD-MON-RR'),'BANDUNG','dasihazakia@gmail.com','081218305136');
Insert into CUSTOMER (IDCUSTOMER,NAMACUSTOMER,JENISKELAMIN,TGLLAHIR,ALAMAT,EMAIL,NOTELP) values ('CUS037','Dizhwar Azri Inderatma','L',to_date('04-MAR-81','DD-MON-RR'),'SERANG','dizhwarazri@gmail.com','081218305137');
Insert into CUSTOMER (IDCUSTOMER,NAMACUSTOMER,JENISKELAMIN,TGLLAHIR,ALAMAT,EMAIL,NOTELP) values ('CUS038','Daniyah Riyan Fayra','P',to_date('05-APR-86','DD-MON-RR'),'SERANG','daniyahriyan@gmail.com','081218305138');
Insert into CUSTOMER (IDCUSTOMER,NAMACUSTOMER,JENISKELAMIN,TGLLAHIR,ALAMAT,EMAIL,NOTELP) values ('CUS039','Defian Helmi Rafif','L',to_date('01-JAN-90','DD-MON-RR'),'MALANG','defianhelmi@gmail.com','081218305139');
Insert into CUSTOMER (IDCUSTOMER,NAMACUSTOMER,JENISKELAMIN,TGLLAHIR,ALAMAT,EMAIL,NOTELP) values ('CUS040','Diya Nabia Farzana','P',to_date('10-NOV-80','DD-MON-RR'),'GORONTALO','diyanabia@gmail.com','081218305140');

REM INSERTING into KARYAWAN
SET DEFINE OFF;
Insert into KARYAWAN (IDKARYAWAN,NAMAKARYAWAN,EMAIL,NOTELP) values ('KAR001','Aulian Basira Ghayda','aulianbasira@gmail.com','085759727801');
Insert into KARYAWAN (IDKARYAWAN,NAMAKARYAWAN,EMAIL,NOTELP) values ('KAR002','Arfan Miyaz Awwab','arfanmiyaz@gmail.com','085759727802');
Insert into KARYAWAN (IDKARYAWAN,NAMAKARYAWAN,EMAIL,NOTELP) values ('KAR003','Azzam Khalif Putra','azzamkhalif@gmail.com','085759727803');
Insert into KARYAWAN (IDKARYAWAN,NAMAKARYAWAN,EMAIL,NOTELP) values ('KAR004','Andi Farzan Rayhan','andifarzan@gmail.com','085759727804');
Insert into KARYAWAN (IDKARYAWAN,NAMAKARYAWAN,EMAIL,NOTELP) values ('KAR005','Athafariz Hizam Adnan','athafarizhizam@gmail.com','085759727805');
Insert into KARYAWAN (IDKARYAWAN,NAMAKARYAWAN,EMAIL,NOTELP) values ('KAR011','Dervila Qaila Fakhra','dervilaqaila@gmail.com','085759727811');
Insert into KARYAWAN (IDKARYAWAN,NAMAKARYAWAN,EMAIL,NOTELP) values ('KAR012','Dzikra Hannan Saiqa','dzikrahannan@gmail.com','085759727812');
Insert into KARYAWAN (IDKARYAWAN,NAMAKARYAWAN,EMAIL,NOTELP) values ('KAR013','Dasha Rizhan Alifiana','dasharizhan@gmail.com','085759727813');
Insert into KARYAWAN (IDKARYAWAN,NAMAKARYAWAN,EMAIL,NOTELP) values ('KAR014','Edina Mufia Zerina','edinamufia@gmail.com','085759727814');

REM INSERTING into SUPERVISOR
SET DEFINE OFF;
Insert into SUPERVISOR (NIP,NAMASUPERVISOR,THNMASUK) values ('02021','Arvino Xavier Faeyza',to_date('01-JAN-15','DD-MON-RR'));
Insert into SUPERVISOR (NIP,NAMASUPERVISOR,THNMASUK) values ('02022','Azzam Khalif Putra Ahmad',to_date('12-JAN-15','DD-MON-RR'));
Insert into SUPERVISOR (NIP,NAMASUPERVISOR,THNMASUK) values ('02023','Atha Hafizh Alfarezi',to_date('16-JAN-15','DD-MON-RR'));
Insert into SUPERVISOR (NIP,NAMASUPERVISOR,THNMASUK) values ('02024','Athif Refat Shakeer',to_date('03-FEB-15','DD-MON-RR'));
Insert into SUPERVISOR (NIP,NAMASUPERVISOR,THNMASUK) values ('02025','Arvino Nazril Rashad',to_date('07-FEB-15','DD-MON-RR'));
Insert into SUPERVISOR (NIP,NAMASUPERVISOR,THNMASUK) values ('02026','Firman Ravindra Farhan',to_date('04-MAR-16','DD-MON-RR'));
Insert into SUPERVISOR (NIP,NAMASUPERVISOR,THNMASUK) values ('02027','Fahril Hafidzan Rafie',to_date('13-APR-16','DD-MON-RR'));
Insert into SUPERVISOR (NIP,NAMASUPERVISOR,THNMASUK) values ('02028','Faris Gusti Shalih',to_date('20-MAY-16','DD-MON-RR'));
Insert into SUPERVISOR (NIP,NAMASUPERVISOR,THNMASUK) values ('02029','Faiz Auzan Shaidaly',to_date('23-JUN-16','DD-MON-RR'));
Insert into SUPERVISOR (NIP,NAMASUPERVISOR,THNMASUK) values ('02030','Fayadh Qaddani Azzam',to_date('27-JUL-16','DD-MON-RR'));

REM INSERTING into KEBERANGKATAN
SET DEFINE OFF;
Insert into KEBERANGKATAN (IDBERANGKAT,TGLBERANGKAT,NOKLOTER) values ('BER001',to_date('05-JAN-20','DD-MON-RR'),1);
Insert into KEBERANGKATAN (IDBERANGKAT,TGLBERANGKAT,NOKLOTER) values ('BER002',to_date('05-JAN-20','DD-MON-RR'),2);
Insert into KEBERANGKATAN (IDBERANGKAT,TGLBERANGKAT,NOKLOTER) values ('BER003',to_date('10-FEB-20','DD-MON-RR'),1);
Insert into KEBERANGKATAN (IDBERANGKAT,TGLBERANGKAT,NOKLOTER) values ('BER004',to_date('10-FEB-20','DD-MON-RR'),2);
Insert into KEBERANGKATAN (IDBERANGKAT,TGLBERANGKAT,NOKLOTER) values ('BER005',to_date('15-MAR-20','DD-MON-RR'),1);
Insert into KEBERANGKATAN (IDBERANGKAT,TGLBERANGKAT,NOKLOTER) values ('BER006',to_date('15-MAR-20','DD-MON-RR'),2);
Insert into KEBERANGKATAN (IDBERANGKAT,TGLBERANGKAT,NOKLOTER) values ('BER007',to_date('20-APR-20','DD-MON-RR'),1);
Insert into KEBERANGKATAN (IDBERANGKAT,TGLBERANGKAT,NOKLOTER) values ('BER008',to_date('20-APR-20','DD-MON-RR'),2);

REM INSERTING into PEMANDU
SET DEFINE OFF;
Insert into PEMANDU (IDPEMANDU,NAMAPEMANDU) values ('PEM001','Abizar Sarfraz Faizan');
Insert into PEMANDU (IDPEMANDU,NAMAPEMANDU) values ('PEM002','Afzar Haziq Musyaffa');
Insert into PEMANDU (IDPEMANDU,NAMAPEMANDU) values ('PEM003','Abrar Zaigham Satriani');
Insert into PEMANDU (IDPEMANDU,NAMAPEMANDU) values ('PEM004','Atthar Mauza Satriya');
Insert into PEMANDU (IDPEMANDU,NAMAPEMANDU) values ('PEM005','Arsalan Yazid Abbasy');
Insert into PEMANDU (IDPEMANDU,NAMAPEMANDU) values ('PEM006','Abdul Raffi Zaidan');
Insert into PEMANDU (IDPEMANDU,NAMAPEMANDU) values ('PEM007','Ahmad Syarif Maulvi');
Insert into PEMANDU (IDPEMANDU,NAMAPEMANDU) values ('PEM008','Aufa Zabdan Altamis');

REM INSERTING into FASILITAS
SET DEFINE OFF;
Insert into FASILITAS (IDFASILITAS,KAPASITASJAMAAH) values ('FAS001',30);
Insert into FASILITAS (IDFASILITAS,KAPASITASJAMAAH) values ('FAS002',30);
Insert into FASILITAS (IDFASILITAS,KAPASITASJAMAAH) values ('FAS003',25);
Insert into FASILITAS (IDFASILITAS,KAPASITASJAMAAH) values ('FAS004',25);
Insert into FASILITAS (IDFASILITAS,KAPASITASJAMAAH) values ('FAS005',20);
Insert into FASILITAS (IDFASILITAS,KAPASITASJAMAAH) values ('FAS006',20);
Insert into FASILITAS (IDFASILITAS,KAPASITASJAMAAH) values ('FAS007',32);
Insert into FASILITAS (IDFASILITAS,KAPASITASJAMAAH) values ('FAS008',32);
Insert into FASILITAS (IDFASILITAS,KAPASITASJAMAAH) values ('FAS009',25);
Insert into FASILITAS (IDFASILITAS,KAPASITASJAMAAH) values ('FAS010',25);
Insert into FASILITAS (IDFASILITAS,KAPASITASJAMAAH) values ('FAS011',18);
Insert into FASILITAS (IDFASILITAS,KAPASITASJAMAAH) values ('FAS012',18);
Insert into FASILITAS (IDFASILITAS,KAPASITASJAMAAH) values ('FAS013',30);
Insert into FASILITAS (IDFASILITAS,KAPASITASJAMAAH) values ('FAS014',30);
Insert into FASILITAS (IDFASILITAS,KAPASITASJAMAAH) values ('FAS015',25);
Insert into FASILITAS (IDFASILITAS,KAPASITASJAMAAH) values ('FAS016',25);
Insert into FASILITAS (IDFASILITAS,KAPASITASJAMAAH) values ('FAS017',20);
Insert into FASILITAS (IDFASILITAS,KAPASITASJAMAAH) values ('FAS018',20);

REM INSERTING into FASILITASHOTEL
SET DEFINE OFF;
Insert into FASILITASHOTEL (IDFASILITASHOTEL,NAMAFASILITAS,DESKRIPSI) values ('FAH001','Fasilitas Lengkap','Dengan Tambahan Kamar Mandi (Air Hangat),TV dan AC');
Insert into FASILITASHOTEL (IDFASILITASHOTEL,NAMAFASILITAS,DESKRIPSI) values ('FAH002','Fasilitas Lengkap','Dengan Tambahan Kamar Mandi (Air Hangat),TV dan AC');
Insert into FASILITASHOTEL (IDFASILITASHOTEL,NAMAFASILITAS,DESKRIPSI) values ('FAH003','Fasilitas Standar','Dengan Tambahan Kamar Mandi (Air Hangat) dan AC');
Insert into FASILITASHOTEL (IDFASILITASHOTEL,NAMAFASILITAS,DESKRIPSI) values ('FAH004','Fasilitas Standar','Dengan Tambahan Kamar Mandi (Air Hangat) dan AC');
Insert into FASILITASHOTEL (IDFASILITASHOTEL,NAMAFASILITAS,DESKRIPSI) values ('FAH005','Fasilitas Cukup','Dengan Tambahan AC');
Insert into FASILITASHOTEL (IDFASILITASHOTEL,NAMAFASILITAS,DESKRIPSI) values ('FAH006','Fasilitas Cukup','Dengan Tambahan AC');
Insert into FASILITASHOTEL (IDFASILITASHOTEL,NAMAFASILITAS,DESKRIPSI) values ('FAH007','Fasilitas Lengkap','Dengan Tambahan Kamar Mandi (Air Hangat),TV dan AC');
Insert into FASILITASHOTEL (IDFASILITASHOTEL,NAMAFASILITAS,DESKRIPSI) values ('FAH008','Fasilitas Lengkap','Dengan Tambahan Kamar Mandi (Air Hangat),TV dan AC');
Insert into FASILITASHOTEL (IDFASILITASHOTEL,NAMAFASILITAS,DESKRIPSI) values ('FAH009','Fasilitas Standar','Dengan Tambahan Kamar Mandi (Air Hangat) dan AC');
Insert into FASILITASHOTEL (IDFASILITASHOTEL,NAMAFASILITAS,DESKRIPSI) values ('FAH010','Fasilitas Standar','Dengan Tambahan Kamar Mandi (Air Hangat) dan AC');
Insert into FASILITASHOTEL (IDFASILITASHOTEL,NAMAFASILITAS,DESKRIPSI) values ('FAH011','Fasilitas Cukup','Dengan Tambahan AC');
Insert into FASILITASHOTEL (IDFASILITASHOTEL,NAMAFASILITAS,DESKRIPSI) values ('FAH012','Fasilitas Cukup','Dengan Tambahan AC');
Insert into FASILITASHOTEL (IDFASILITASHOTEL,NAMAFASILITAS,DESKRIPSI) values ('FAH013','Fasilitas Lengkap','Dengan Tambahan Kamar Mandi (Air Hangat),TV dan AC');
Insert into FASILITASHOTEL (IDFASILITASHOTEL,NAMAFASILITAS,DESKRIPSI) values ('FAH014','Fasilitas Lengkap','Dengan Tambahan Kamar Mandi (Air Hangat),TV dan AC');
Insert into FASILITASHOTEL (IDFASILITASHOTEL,NAMAFASILITAS,DESKRIPSI) values ('FAH015','Fasilitas Standar','Dengan Tambahan Kamar Mandi (Air Hangat) dan AC');
Insert into FASILITASHOTEL (IDFASILITASHOTEL,NAMAFASILITAS,DESKRIPSI) values ('FAH016','Fasilitas Standar','Dengan Tambahan Kamar Mandi (Air Hangat) dan AC');
Insert into FASILITASHOTEL (IDFASILITASHOTEL,NAMAFASILITAS,DESKRIPSI) values ('FAH017','Fasilitas Cukup','Dengan Tambahan AC');
Insert into FASILITASHOTEL (IDFASILITASHOTEL,NAMAFASILITAS,DESKRIPSI) values ('FAH018','Fasilitas Cukup','Dengan Tambahan AC');

REM INSERTING into KENDARAAN
SET DEFINE OFF;
Insert into KENDARAAN (IDFASILITAS,NOURUTKENDARAAN) values ('FAS001',1);
Insert into KENDARAAN (IDFASILITAS,NOURUTKENDARAAN) values ('FAS002',2);
Insert into KENDARAAN (IDFASILITAS,NOURUTKENDARAAN) values ('FAS003',1);
Insert into KENDARAAN (IDFASILITAS,NOURUTKENDARAAN) values ('FAS004',2);
Insert into KENDARAAN (IDFASILITAS,NOURUTKENDARAAN) values ('FAS005',1);
Insert into KENDARAAN (IDFASILITAS,NOURUTKENDARAAN) values ('FAS006',2);
Insert into KENDARAAN (IDFASILITAS,NOURUTKENDARAAN) values ('FAS007',1);
Insert into KENDARAAN (IDFASILITAS,NOURUTKENDARAAN) values ('FAS008',2);
Insert into KENDARAAN (IDFASILITAS,NOURUTKENDARAAN) values ('FAS009',1);
Insert into KENDARAAN (IDFASILITAS,NOURUTKENDARAAN) values ('FAS010',2);
Insert into KENDARAAN (IDFASILITAS,NOURUTKENDARAAN) values ('FAS011',1);
Insert into KENDARAAN (IDFASILITAS,NOURUTKENDARAAN) values ('FAS012',2);
Insert into KENDARAAN (IDFASILITAS,NOURUTKENDARAAN) values ('FAS013',1);
Insert into KENDARAAN (IDFASILITAS,NOURUTKENDARAAN) values ('FAS014',2);
Insert into KENDARAAN (IDFASILITAS,NOURUTKENDARAAN) values ('FAS015',1);
Insert into KENDARAAN (IDFASILITAS,NOURUTKENDARAAN) values ('FAS016',2);
Insert into KENDARAAN (IDFASILITAS,NOURUTKENDARAAN) values ('FAS017',1);
Insert into KENDARAAN (IDFASILITAS,NOURUTKENDARAAN) values ('FAS018',2);

REM INSERTING into HOTEL
SET DEFINE OFF;
Insert into HOTEL (IDFASILITAS,NAMAHOTEL) values ('FAS001','Hotel Sourfah');
Insert into HOTEL (IDFASILITAS,NAMAHOTEL) values ('FAS002','Hotel Sourfah');
Insert into HOTEL (IDFASILITAS,NAMAHOTEL) values ('FAS003','Hotel Almajeedi');
Insert into HOTEL (IDFASILITAS,NAMAHOTEL) values ('FAS004','Hotel Almajeedi');
Insert into HOTEL (IDFASILITAS,NAMAHOTEL) values ('FAS005','Hotel Fayroz');
Insert into HOTEL (IDFASILITAS,NAMAHOTEL) values ('FAS006','Hotel Fayroz');
Insert into HOTEL (IDFASILITAS,NAMAHOTEL) values ('FAS007','Hotel Sourfah');
Insert into HOTEL (IDFASILITAS,NAMAHOTEL) values ('FAS008','Hotel Sourfah');
Insert into HOTEL (IDFASILITAS,NAMAHOTEL) values ('FAS009','Hotel Almajeedi');
Insert into HOTEL (IDFASILITAS,NAMAHOTEL) values ('FAS010','Hotel Almajeedi');
Insert into HOTEL (IDFASILITAS,NAMAHOTEL) values ('FAS011','Hotel Fayroz');
Insert into HOTEL (IDFASILITAS,NAMAHOTEL) values ('FAS012','Hotel Fayroz');
Insert into HOTEL (IDFASILITAS,NAMAHOTEL) values ('FAS013','Hotel Sourfah');
Insert into HOTEL (IDFASILITAS,NAMAHOTEL) values ('FAS014','Hotel Sourfah');
Insert into HOTEL (IDFASILITAS,NAMAHOTEL) values ('FAS015','Hotel Almajeedi');
Insert into HOTEL (IDFASILITAS,NAMAHOTEL) values ('FAS016','Hotel Almajeedi');
Insert into HOTEL (IDFASILITAS,NAMAHOTEL) values ('FAS017','Hotel Fayroz');
Insert into HOTEL (IDFASILITAS,NAMAHOTEL) values ('FAS018','Hotel Fayroz');

REM INSERTING into PUNYA
SET DEFINE OFF;
Insert into PUNYA (IDFASILITAS,IDFASILITASHOTEL) values ('FAS001','FAH001');
Insert into PUNYA (IDFASILITAS,IDFASILITASHOTEL) values ('FAS002','FAH002');
Insert into PUNYA (IDFASILITAS,IDFASILITASHOTEL) values ('FAS003','FAH003');
Insert into PUNYA (IDFASILITAS,IDFASILITASHOTEL) values ('FAS004','FAH004');
Insert into PUNYA (IDFASILITAS,IDFASILITASHOTEL) values ('FAS005','FAH005');
Insert into PUNYA (IDFASILITAS,IDFASILITASHOTEL) values ('FAS006','FAH006');
Insert into PUNYA (IDFASILITAS,IDFASILITASHOTEL) values ('FAS007','FAH007');
Insert into PUNYA (IDFASILITAS,IDFASILITASHOTEL) values ('FAS008','FAH008');
Insert into PUNYA (IDFASILITAS,IDFASILITASHOTEL) values ('FAS009','FAH009');
Insert into PUNYA (IDFASILITAS,IDFASILITASHOTEL) values ('FAS010','FAH010');
Insert into PUNYA (IDFASILITAS,IDFASILITASHOTEL) values ('FAS011','FAH011');
Insert into PUNYA (IDFASILITAS,IDFASILITASHOTEL) values ('FAS012','FAH012');
Insert into PUNYA (IDFASILITAS,IDFASILITASHOTEL) values ('FAS013','FAH013');
Insert into PUNYA (IDFASILITAS,IDFASILITASHOTEL) values ('FAS014','FAH014');
Insert into PUNYA (IDFASILITAS,IDFASILITASHOTEL) values ('FAS015','FAH015');
Insert into PUNYA (IDFASILITAS,IDFASILITASHOTEL) values ('FAS016','FAH016');
Insert into PUNYA (IDFASILITAS,IDFASILITASHOTEL) values ('FAS017','FAH017');
Insert into PUNYA (IDFASILITAS,IDFASILITASHOTEL) values ('FAS018','FAH018');

REM INSERTING into PAKETTRAVEL
SET DEFINE OFF;
Insert into PAKETTRAVEL (KODEPAKET,IDKARYAWAN,NAMAPAKET,DESKRIPSI,HARGA) values ('PAK001','KAR001','Paket Gold (G1)','Paket Super Lengkap',25000000);
Insert into PAKETTRAVEL (KODEPAKET,IDKARYAWAN,NAMAPAKET,DESKRIPSI,HARGA) values ('PAK002','KAR002','Paket Gold (G2)','Paket Super Lengkap',25000000);
Insert into PAKETTRAVEL (KODEPAKET,IDKARYAWAN,NAMAPAKET,DESKRIPSI,HARGA) values ('PAK003','KAR003','Paket Gold (G3)','Paket Super Lengkap',25000000);
Insert into PAKETTRAVEL (KODEPAKET,IDKARYAWAN,NAMAPAKET,DESKRIPSI,HARGA) values ('PAK004','KAR004','Paket Silver (S1)','Paket Lengkap',21000000);
Insert into PAKETTRAVEL (KODEPAKET,IDKARYAWAN,NAMAPAKET,DESKRIPSI,HARGA) values ('PAK005','KAR005','Paket Silver (S2)','Paket Lengkap',21000000);
Insert into PAKETTRAVEL (KODEPAKET,IDKARYAWAN,NAMAPAKET,DESKRIPSI,HARGA) values ('PAK006','KAR011','Paket Silver (S3)','Paket Lengkap',21000000);
Insert into PAKETTRAVEL (KODEPAKET,IDKARYAWAN,NAMAPAKET,DESKRIPSI,HARGA) values ('PAK007','KAR012','Paket Bronze (B1)','Paket Standar',18000000);
Insert into PAKETTRAVEL (KODEPAKET,IDKARYAWAN,NAMAPAKET,DESKRIPSI,HARGA) values ('PAK008','KAR013','Paket Bronze (B2)','Paket Standar',18000000);
Insert into PAKETTRAVEL (KODEPAKET,IDKARYAWAN,NAMAPAKET,DESKRIPSI,HARGA) values ('PAK009','KAR014','Paket Bronze (B3)','Paket Standar',18000000);

REM INSERTING into PESAN
SET DEFINE OFF;
Insert into PESAN (KODEPESANAN,IDCUSTOMER,KODEPAKET,NIP,TGLPESANAN,TOTALHARGA,STATUSBAYAR) values ('PES001','CUS001','PAK001','02021',to_date('01-JAN-19','DD-MON-RR'),25000000,'Lunas');
Insert into PESAN (KODEPESANAN,IDCUSTOMER,KODEPAKET,NIP,TGLPESANAN,TOTALHARGA,STATUSBAYAR) values ('PES002','CUS002','PAK001','02021',to_date('01-JAN-19','DD-MON-RR'),25000000,'Lunas');
Insert into PESAN (KODEPESANAN,IDCUSTOMER,KODEPAKET,NIP,TGLPESANAN,TOTALHARGA,STATUSBAYAR) values ('PES003','CUS003','PAK001','02021',to_date('12-JAN-19','DD-MON-RR'),25000000,'Tdk Lunas');
Insert into PESAN (KODEPESANAN,IDCUSTOMER,KODEPAKET,NIP,TGLPESANAN,TOTALHARGA,STATUSBAYAR) values ('PES004','CUS004','PAK002','02021',to_date('13-JAN-19','DD-MON-RR'),25000000,'Lunas');
Insert into PESAN (KODEPESANAN,IDCUSTOMER,KODEPAKET,NIP,TGLPESANAN,TOTALHARGA,STATUSBAYAR) values ('PES005','CUS005','PAK002','02022',to_date('22-JAN-19','DD-MON-RR'),25000000,'Tdk Lunas');
Insert into PESAN (KODEPESANAN,IDCUSTOMER,KODEPAKET,NIP,TGLPESANAN,TOTALHARGA,STATUSBAYAR) values ('PES006','CUS006','PAK002','02022',to_date('22-JAN-19','DD-MON-RR'),25000000,'Lunas');
Insert into PESAN (KODEPESANAN,IDCUSTOMER,KODEPAKET,NIP,TGLPESANAN,TOTALHARGA,STATUSBAYAR) values ('PES007','CUS007','PAK003','02022',to_date('22-JAN-19','DD-MON-RR'),25000000,'Tdk Lunas');
Insert into PESAN (KODEPESANAN,IDCUSTOMER,KODEPAKET,NIP,TGLPESANAN,TOTALHARGA,STATUSBAYAR) values ('PES008','CUS008','PAK003','02022',to_date('25-JAN-19','DD-MON-RR'),25000000,'Lunas');
Insert into PESAN (KODEPESANAN,IDCUSTOMER,KODEPAKET,NIP,TGLPESANAN,TOTALHARGA,STATUSBAYAR) values ('PES009','CUS009','PAK003','02023',to_date('03-FEB-19','DD-MON-RR'),25000000,'Lunas');
Insert into PESAN (KODEPESANAN,IDCUSTOMER,KODEPAKET,NIP,TGLPESANAN,TOTALHARGA,STATUSBAYAR) values ('PES010','CUS010','PAK004','02023',to_date('04-FEB-19','DD-MON-RR'),21000000,'Lunas');
Insert into PESAN (KODEPESANAN,IDCUSTOMER,KODEPAKET,NIP,TGLPESANAN,TOTALHARGA,STATUSBAYAR) values ('PES011','CUS011','PAK004','02023',to_date('06-FEB-19','DD-MON-RR'),21000000,'Lunas');
Insert into PESAN (KODEPESANAN,IDCUSTOMER,KODEPAKET,NIP,TGLPESANAN,TOTALHARGA,STATUSBAYAR) values ('PES012','CUS012','PAK004','02023',to_date('11-FEB-19','DD-MON-RR'),21000000,'Lunas');
Insert into PESAN (KODEPESANAN,IDCUSTOMER,KODEPAKET,NIP,TGLPESANAN,TOTALHARGA,STATUSBAYAR) values ('PES013','CUS013','PAK005','02024',to_date('27-FEB-19','DD-MON-RR'),21000000,'Tdk Lunas');
Insert into PESAN (KODEPESANAN,IDCUSTOMER,KODEPAKET,NIP,TGLPESANAN,TOTALHARGA,STATUSBAYAR) values ('PES014','CUS014','PAK005','02024',to_date('05-MAR-19','DD-MON-RR'),21000000,'Tdk Lunas');
Insert into PESAN (KODEPESANAN,IDCUSTOMER,KODEPAKET,NIP,TGLPESANAN,TOTALHARGA,STATUSBAYAR) values ('PES015','CUS015','PAK005','02024',to_date('13-MAR-19','DD-MON-RR'),21000000,'Lunas');
Insert into PESAN (KODEPESANAN,IDCUSTOMER,KODEPAKET,NIP,TGLPESANAN,TOTALHARGA,STATUSBAYAR) values ('PES016','CUS016','PAK006','02024',to_date('14-MAR-19','DD-MON-RR'),21000000,'Tdk Lunas');
Insert into PESAN (KODEPESANAN,IDCUSTOMER,KODEPAKET,NIP,TGLPESANAN,TOTALHARGA,STATUSBAYAR) values ('PES017','CUS017','PAK006','02025',to_date('15-MAR-19','DD-MON-RR'),21000000,'Lunas');
Insert into PESAN (KODEPESANAN,IDCUSTOMER,KODEPAKET,NIP,TGLPESANAN,TOTALHARGA,STATUSBAYAR) values ('PES018','CUS018','PAK006','02025',to_date('16-MAR-19','DD-MON-RR'),21000000,'Tdk Lunas');
Insert into PESAN (KODEPESANAN,IDCUSTOMER,KODEPAKET,NIP,TGLPESANAN,TOTALHARGA,STATUSBAYAR) values ('PES019','CUS019','PAK007','02025',to_date('16-MAR-19','DD-MON-RR'),18000000,'Lunas');
Insert into PESAN (KODEPESANAN,IDCUSTOMER,KODEPAKET,NIP,TGLPESANAN,TOTALHARGA,STATUSBAYAR) values ('PES020','CUS020','PAK007','02025',to_date('16-MAR-19','DD-MON-RR'),18000000,'Tdk Lunas');
Insert into PESAN (KODEPESANAN,IDCUSTOMER,KODEPAKET,NIP,TGLPESANAN,TOTALHARGA,STATUSBAYAR) values ('PES021','CUS021','PAK007','02026',to_date('01-APR-19','DD-MON-RR'),18000000,'Tdk Lunas');
Insert into PESAN (KODEPESANAN,IDCUSTOMER,KODEPAKET,NIP,TGLPESANAN,TOTALHARGA,STATUSBAYAR) values ('PES022','CUS022','PAK008','02026',to_date('15-APR-19','DD-MON-RR'),18000000,'Lunas');
Insert into PESAN (KODEPESANAN,IDCUSTOMER,KODEPAKET,NIP,TGLPESANAN,TOTALHARGA,STATUSBAYAR) values ('PES023','CUS023','PAK008','02026',to_date('26-APR-19','DD-MON-RR'),18000000,'Lunas');
Insert into PESAN (KODEPESANAN,IDCUSTOMER,KODEPAKET,NIP,TGLPESANAN,TOTALHARGA,STATUSBAYAR) values ('PES024','CUS024','PAK008','02026',to_date('10-JUN-19','DD-MON-RR'),18000000,'Lunas');
Insert into PESAN (KODEPESANAN,IDCUSTOMER,KODEPAKET,NIP,TGLPESANAN,TOTALHARGA,STATUSBAYAR) values ('PES025','CUS025','PAK009','02027',to_date('20-JUL-19','DD-MON-RR'),18000000,'Lunas');
Insert into PESAN (KODEPESANAN,IDCUSTOMER,KODEPAKET,NIP,TGLPESANAN,TOTALHARGA,STATUSBAYAR) values ('PES026','CUS026','PAK009','02027',to_date('10-AUG-19','DD-MON-RR'),18000000,'Lunas');
Insert into PESAN (KODEPESANAN,IDCUSTOMER,KODEPAKET,NIP,TGLPESANAN,TOTALHARGA,STATUSBAYAR) values ('PES027','CUS027','PAK009','02027',to_date('11-AUG-19','DD-MON-RR'),18000000,'Lunas');
Insert into PESAN (KODEPESANAN,IDCUSTOMER,KODEPAKET,NIP,TGLPESANAN,TOTALHARGA,STATUSBAYAR) values ('PES028','CUS028','PAK002','02027',to_date('11-AUG-19','DD-MON-RR'),25000000,'Tdk Lunas');
Insert into PESAN (KODEPESANAN,IDCUSTOMER,KODEPAKET,NIP,TGLPESANAN,TOTALHARGA,STATUSBAYAR) values ('PES029','CUS029','PAK005','02028',to_date('12-SEP-19','DD-MON-RR'),21000000,'Tdk Lunas');
Insert into PESAN (KODEPESANAN,IDCUSTOMER,KODEPAKET,NIP,TGLPESANAN,TOTALHARGA,STATUSBAYAR) values ('PES030','CUS030','PAK008','02028',to_date('17-SEP-19','DD-MON-RR'),18000000,'Lunas');
Insert into PESAN (KODEPESANAN,IDCUSTOMER,KODEPAKET,NIP,TGLPESANAN,TOTALHARGA,STATUSBAYAR) values ('PES031','CUS031','PAK001','02028',to_date('05-OCT-19','DD-MON-RR'),25000000,'Lunas');
Insert into PESAN (KODEPESANAN,IDCUSTOMER,KODEPAKET,NIP,TGLPESANAN,TOTALHARGA,STATUSBAYAR) values ('PES032','CUS032','PAK001','02028',to_date('05-OCT-19','DD-MON-RR'),25000000,'Lunas');
Insert into PESAN (KODEPESANAN,IDCUSTOMER,KODEPAKET,NIP,TGLPESANAN,TOTALHARGA,STATUSBAYAR) values ('PES033','CUS033','PAK004','02029',to_date('25-OCT-19','DD-MON-RR'),21000000,'Lunas');
Insert into PESAN (KODEPESANAN,IDCUSTOMER,KODEPAKET,NIP,TGLPESANAN,TOTALHARGA,STATUSBAYAR) values ('PES034','CUS034','PAK004','02029',to_date('25-OCT-19','DD-MON-RR'),21000000,'Lunas');
Insert into PESAN (KODEPESANAN,IDCUSTOMER,KODEPAKET,NIP,TGLPESANAN,TOTALHARGA,STATUSBAYAR) values ('PES035','CUS035','PAK007','02029',to_date('10-NOV-19','DD-MON-RR'),18000000,'Lunas');
Insert into PESAN (KODEPESANAN,IDCUSTOMER,KODEPAKET,NIP,TGLPESANAN,TOTALHARGA,STATUSBAYAR) values ('PES036','CUS036','PAK007','02029',to_date('10-NOV-19','DD-MON-RR'),18000000,'Lunas');
Insert into PESAN (KODEPESANAN,IDCUSTOMER,KODEPAKET,NIP,TGLPESANAN,TOTALHARGA,STATUSBAYAR) values ('PES037','CUS037','PAK003','02030',to_date('15-NOV-19','DD-MON-RR'),25000000,'Lunas');
Insert into PESAN (KODEPESANAN,IDCUSTOMER,KODEPAKET,NIP,TGLPESANAN,TOTALHARGA,STATUSBAYAR) values ('PES038','CUS038','PAK006','02030',to_date('16-NOV-19','DD-MON-RR'),21000000,'Lunas');
Insert into PESAN (KODEPESANAN,IDCUSTOMER,KODEPAKET,NIP,TGLPESANAN,TOTALHARGA,STATUSBAYAR) values ('PES039','CUS039','PAK008','02030',to_date('25-NOV-19','DD-MON-RR'),18000000,'Tdk Lunas');
Insert into PESAN (KODEPESANAN,IDCUSTOMER,KODEPAKET,NIP,TGLPESANAN,TOTALHARGA,STATUSBAYAR) values ('PES040','CUS040','PAK009','02030',to_date('25-OCT-19','DD-MON-RR'),18000000,'Lunas');

REM INSERTING into TRANSAKSI
SET DEFINE OFF;
Insert into TRANSAKSI (NOTRANSAKSI,KODEPESANAN,IDBERANGKAT,TGLTRANSAKSI,TOTALBAYAR) values ('TRA001','PES001','BER001','01/JAN/2019','20000000');
Insert into TRANSAKSI (NOTRANSAKSI,KODEPESANAN,IDBERANGKAT,TGLTRANSAKSI,TOTALBAYAR) values ('TRA002','PES002','BER001','10/JAN/2019','25000000');
Insert into TRANSAKSI (NOTRANSAKSI,KODEPESANAN,IDBERANGKAT,TGLTRANSAKSI,TOTALBAYAR) values ('TRA003','PES003','BER001','20/JAN/2019','20000000');
Insert into TRANSAKSI (NOTRANSAKSI,KODEPESANAN,IDBERANGKAT,TGLTRANSAKSI,TOTALBAYAR) values ('TRA004','PES004','BER001','14/JAN/2019','25000000');
Insert into TRANSAKSI (NOTRANSAKSI,KODEPESANAN,IDBERANGKAT,TGLTRANSAKSI,TOTALBAYAR) values ('TRA005','PES005','BER001','22/JAN/2019','20000000');
Insert into TRANSAKSI (NOTRANSAKSI,KODEPESANAN,IDBERANGKAT,TGLTRANSAKSI,TOTALBAYAR) values ('TRA006','PES006','BER002','25/JAN/2019','25000000');
Insert into TRANSAKSI (NOTRANSAKSI,KODEPESANAN,IDBERANGKAT,TGLTRANSAKSI,TOTALBAYAR) values ('TRA007','PES007','BER002','23/JAN/2019','21000000');
Insert into TRANSAKSI (NOTRANSAKSI,KODEPESANAN,IDBERANGKAT,TGLTRANSAKSI,TOTALBAYAR) values ('TRA008','PES008','BER002','01/FEB/2019','25000000');
Insert into TRANSAKSI (NOTRANSAKSI,KODEPESANAN,IDBERANGKAT,TGLTRANSAKSI,TOTALBAYAR) values ('TRA009','PES009','BER002','11/FEB/2019','25000000');
Insert into TRANSAKSI (NOTRANSAKSI,KODEPESANAN,IDBERANGKAT,TGLTRANSAKSI,TOTALBAYAR) values ('TRA010','PES010','BER002','07/FEB/2019','21000000');
Insert into TRANSAKSI (NOTRANSAKSI,KODEPESANAN,IDBERANGKAT,TGLTRANSAKSI,TOTALBAYAR) values ('TRA011','PES011','BER003','25/FEB/2019','21000000');
Insert into TRANSAKSI (NOTRANSAKSI,KODEPESANAN,IDBERANGKAT,TGLTRANSAKSI,TOTALBAYAR) values ('TRA012','PES012','BER003','15/FEB/2019','21000000');
Insert into TRANSAKSI (NOTRANSAKSI,KODEPESANAN,IDBERANGKAT,TGLTRANSAKSI,TOTALBAYAR) values ('TRA013','PES013','BER003','05/MAR/2019','16000000');
Insert into TRANSAKSI (NOTRANSAKSI,KODEPESANAN,IDBERANGKAT,TGLTRANSAKSI,TOTALBAYAR) values ('TRA014','PES014','BER003','14/MAR/2019','19000000');
Insert into TRANSAKSI (NOTRANSAKSI,KODEPESANAN,IDBERANGKAT,TGLTRANSAKSI,TOTALBAYAR) values ('TRA015','PES015','BER003','14/MAR/2019','21000000');
Insert into TRANSAKSI (NOTRANSAKSI,KODEPESANAN,IDBERANGKAT,TGLTRANSAKSI,TOTALBAYAR) values ('TRA016','PES016','BER004','14/MAR/2019','17000000');
Insert into TRANSAKSI (NOTRANSAKSI,KODEPESANAN,IDBERANGKAT,TGLTRANSAKSI,TOTALBAYAR) values ('TRA017','PES017','BER004','20/MAR/2019','21000000');
Insert into TRANSAKSI (NOTRANSAKSI,KODEPESANAN,IDBERANGKAT,TGLTRANSAKSI,TOTALBAYAR) values ('TRA018','PES018','BER004','10/APR/2019','18000000');
Insert into TRANSAKSI (NOTRANSAKSI,KODEPESANAN,IDBERANGKAT,TGLTRANSAKSI,TOTALBAYAR) values ('TRA019','PES019','BER004','25/MAR/2019','18000000');
Insert into TRANSAKSI (NOTRANSAKSI,KODEPESANAN,IDBERANGKAT,TGLTRANSAKSI,TOTALBAYAR) values ('TRA020','PES020','BER004','24/MAR/2019','15000000');
Insert into TRANSAKSI (NOTRANSAKSI,KODEPESANAN,IDBERANGKAT,TGLTRANSAKSI,TOTALBAYAR) values ('TRA021','PES021','BER005','01/APR/2019','15000000');
Insert into TRANSAKSI (NOTRANSAKSI,KODEPESANAN,IDBERANGKAT,TGLTRANSAKSI,TOTALBAYAR) values ('TRA022','PES022','BER005','15/APR/2019','18000000');
Insert into TRANSAKSI (NOTRANSAKSI,KODEPESANAN,IDBERANGKAT,TGLTRANSAKSI,TOTALBAYAR) values ('TRA023','PES023','BER005','27/APR/2019','18000000');
Insert into TRANSAKSI (NOTRANSAKSI,KODEPESANAN,IDBERANGKAT,TGLTRANSAKSI,TOTALBAYAR) values ('TRA024','PES024','BER005','15/JUN/2019','18000000');
Insert into TRANSAKSI (NOTRANSAKSI,KODEPESANAN,IDBERANGKAT,TGLTRANSAKSI,TOTALBAYAR) values ('TRA025','PES025','BER005','25/JUL/2019','18000000');
Insert into TRANSAKSI (NOTRANSAKSI,KODEPESANAN,IDBERANGKAT,TGLTRANSAKSI,TOTALBAYAR) values ('TRA026','PES026','BER006','13/AUG/2019','18000000');
Insert into TRANSAKSI (NOTRANSAKSI,KODEPESANAN,IDBERANGKAT,TGLTRANSAKSI,TOTALBAYAR) values ('TRA027','PES027','BER006','24/AUG/2019','18000000');
Insert into TRANSAKSI (NOTRANSAKSI,KODEPESANAN,IDBERANGKAT,TGLTRANSAKSI,TOTALBAYAR) values ('TRA028','PES028','BER006','24/AUG/2019','20000000');
Insert into TRANSAKSI (NOTRANSAKSI,KODEPESANAN,IDBERANGKAT,TGLTRANSAKSI,TOTALBAYAR) values ('TRA029','PES029','BER006','12/SEP/2019','17000000');
Insert into TRANSAKSI (NOTRANSAKSI,KODEPESANAN,IDBERANGKAT,TGLTRANSAKSI,TOTALBAYAR) values ('TRA030','PES030','BER006','20/SEP/2019','18000000');
Insert into TRANSAKSI (NOTRANSAKSI,KODEPESANAN,IDBERANGKAT,TGLTRANSAKSI,TOTALBAYAR) values ('TRA031','PES031','BER007','05/OCT/2019','25000000');
Insert into TRANSAKSI (NOTRANSAKSI,KODEPESANAN,IDBERANGKAT,TGLTRANSAKSI,TOTALBAYAR) values ('TRA032','PES032','BER007','05/OCT/2019','25000000');
Insert into TRANSAKSI (NOTRANSAKSI,KODEPESANAN,IDBERANGKAT,TGLTRANSAKSI,TOTALBAYAR) values ('TRA033','PES033','BER007','26/OCT/2019','21000000');
Insert into TRANSAKSI (NOTRANSAKSI,KODEPESANAN,IDBERANGKAT,TGLTRANSAKSI,TOTALBAYAR) values ('TRA034','PES034','BER007','26/OCT/2019','21000000');
Insert into TRANSAKSI (NOTRANSAKSI,KODEPESANAN,IDBERANGKAT,TGLTRANSAKSI,TOTALBAYAR) values ('TRA035','PES035','BER007','20/NOV/2019','18000000');
Insert into TRANSAKSI (NOTRANSAKSI,KODEPESANAN,IDBERANGKAT,TGLTRANSAKSI,TOTALBAYAR) values ('TRA036','PES036','BER008','20/NOV/2019','18000000');
Insert into TRANSAKSI (NOTRANSAKSI,KODEPESANAN,IDBERANGKAT,TGLTRANSAKSI,TOTALBAYAR) values ('TRA037','PES037','BER008','15/NOV/2019','25000000');
Insert into TRANSAKSI (NOTRANSAKSI,KODEPESANAN,IDBERANGKAT,TGLTRANSAKSI,TOTALBAYAR) values ('TRA038','PES038','BER008','20/NOV/2019','21000000');
Insert into TRANSAKSI (NOTRANSAKSI,KODEPESANAN,IDBERANGKAT,TGLTRANSAKSI,TOTALBAYAR) values ('TRA039','PES039','BER008','25/NOV/2019','14000000');
Insert into TRANSAKSI (NOTRANSAKSI,KODEPESANAN,IDBERANGKAT,TGLTRANSAKSI,TOTALBAYAR) values ('TRA040','PES040','BER008','17/NOV/2019','18000000');

REM INSERTING into DAPAT
SET DEFINE OFF;
Insert into DAPAT (NOTRANSAKSI,IDPEMANDU,IDBERANGKAT,IDFASILITAS) values ('TRA001','PEM001','BER001','FAS001');
Insert into DAPAT (NOTRANSAKSI,IDPEMANDU,IDBERANGKAT,IDFASILITAS) values ('TRA002','PEM001','BER001','FAS001');
Insert into DAPAT (NOTRANSAKSI,IDPEMANDU,IDBERANGKAT,IDFASILITAS) values ('TRA003','PEM001','BER001','FAS001');
Insert into DAPAT (NOTRANSAKSI,IDPEMANDU,IDBERANGKAT,IDFASILITAS) values ('TRA004','PEM001','BER001','FAS002');
Insert into DAPAT (NOTRANSAKSI,IDPEMANDU,IDBERANGKAT,IDFASILITAS) values ('TRA005','PEM001','BER001','FAS002');
Insert into DAPAT (NOTRANSAKSI,IDPEMANDU,IDBERANGKAT,IDFASILITAS) values ('TRA005','PEM002','BER002','FAS002');
Insert into DAPAT (NOTRANSAKSI,IDPEMANDU,IDBERANGKAT,IDFASILITAS) values ('TRA007','PEM002','BER002','FAS007');
Insert into DAPAT (NOTRANSAKSI,IDPEMANDU,IDBERANGKAT,IDFASILITAS) values ('TRA008','PEM002','BER002','FAS007');
Insert into DAPAT (NOTRANSAKSI,IDPEMANDU,IDBERANGKAT,IDFASILITAS) values ('TRA009','PEM002','BER002','FAS007');
Insert into DAPAT (NOTRANSAKSI,IDPEMANDU,IDBERANGKAT,IDFASILITAS) values ('TRA010','PEM002','BER002','FAS003');
Insert into DAPAT (NOTRANSAKSI,IDPEMANDU,IDBERANGKAT,IDFASILITAS) values ('TRA011','PEM003','BER003','FAS003');
Insert into DAPAT (NOTRANSAKSI,IDPEMANDU,IDBERANGKAT,IDFASILITAS) values ('TRA012','PEM003','BER003','FAS003');
Insert into DAPAT (NOTRANSAKSI,IDPEMANDU,IDBERANGKAT,IDFASILITAS) values ('TRA013','PEM003','BER003','FAS004');
Insert into DAPAT (NOTRANSAKSI,IDPEMANDU,IDBERANGKAT,IDFASILITAS) values ('TRA014','PEM003','BER003','FAS004');
Insert into DAPAT (NOTRANSAKSI,IDPEMANDU,IDBERANGKAT,IDFASILITAS) values ('TRA015','PEM003','BER003','FAS004');
Insert into DAPAT (NOTRANSAKSI,IDPEMANDU,IDBERANGKAT,IDFASILITAS) values ('TRA016','PEM004','BER004','FAS009');
Insert into DAPAT (NOTRANSAKSI,IDPEMANDU,IDBERANGKAT,IDFASILITAS) values ('TRA017','PEM004','BER004','FAS009');
Insert into DAPAT (NOTRANSAKSI,IDPEMANDU,IDBERANGKAT,IDFASILITAS) values ('TRA018','PEM004','BER004','FAS009');
Insert into DAPAT (NOTRANSAKSI,IDPEMANDU,IDBERANGKAT,IDFASILITAS) values ('TRA019','PEM004','BER004','FAS005');
Insert into DAPAT (NOTRANSAKSI,IDPEMANDU,IDBERANGKAT,IDFASILITAS) values ('TRA020','PEM004','BER004','FAS005');
Insert into DAPAT (NOTRANSAKSI,IDPEMANDU,IDBERANGKAT,IDFASILITAS) values ('TRA021','PEM005','BER005','FAS005');
Insert into DAPAT (NOTRANSAKSI,IDPEMANDU,IDBERANGKAT,IDFASILITAS) values ('TRA022','PEM005','BER005','FAS006');
Insert into DAPAT (NOTRANSAKSI,IDPEMANDU,IDBERANGKAT,IDFASILITAS) values ('TRA023','PEM005','BER005','FAS006');
Insert into DAPAT (NOTRANSAKSI,IDPEMANDU,IDBERANGKAT,IDFASILITAS) values ('TRA024','PEM005','BER005','FAS006');
Insert into DAPAT (NOTRANSAKSI,IDPEMANDU,IDBERANGKAT,IDFASILITAS) values ('TRA025','PEM005','BER005','FAS011');
Insert into DAPAT (NOTRANSAKSI,IDPEMANDU,IDBERANGKAT,IDFASILITAS) values ('TRA026','PEM006','BER006','FAS011');
Insert into DAPAT (NOTRANSAKSI,IDPEMANDU,IDBERANGKAT,IDFASILITAS) values ('TRA027','PEM006','BER006','FAS011');
Insert into DAPAT (NOTRANSAKSI,IDPEMANDU,IDBERANGKAT,IDFASILITAS) values ('TRA028','PEM006','BER006','FAS008');
Insert into DAPAT (NOTRANSAKSI,IDPEMANDU,IDBERANGKAT,IDFASILITAS) values ('TRA029','PEM006','BER006','FAS010');
Insert into DAPAT (NOTRANSAKSI,IDPEMANDU,IDBERANGKAT,IDFASILITAS) values ('TRA030','PEM006','BER006','FAS012');
Insert into DAPAT (NOTRANSAKSI,IDPEMANDU,IDBERANGKAT,IDFASILITAS) values ('TRA031','PEM007','BER007','FAS013');
Insert into DAPAT (NOTRANSAKSI,IDPEMANDU,IDBERANGKAT,IDFASILITAS) values ('TRA032','PEM007','BER007','FAS013');
Insert into DAPAT (NOTRANSAKSI,IDPEMANDU,IDBERANGKAT,IDFASILITAS) values ('TRA033','PEM007','BER007','FAS015');
Insert into DAPAT (NOTRANSAKSI,IDPEMANDU,IDBERANGKAT,IDFASILITAS) values ('TRA034','PEM007','BER007','FAS015');
Insert into DAPAT (NOTRANSAKSI,IDPEMANDU,IDBERANGKAT,IDFASILITAS) values ('TRA035','PEM007','BER007','FAS017');
Insert into DAPAT (NOTRANSAKSI,IDPEMANDU,IDBERANGKAT,IDFASILITAS) values ('TRA036','PEM008','BER008','FAS017');
Insert into DAPAT (NOTRANSAKSI,IDPEMANDU,IDBERANGKAT,IDFASILITAS) values ('TRA037','PEM008','BER008','FAS014');
Insert into DAPAT (NOTRANSAKSI,IDPEMANDU,IDBERANGKAT,IDFASILITAS) values ('TRA038','PEM008','BER008','FAS016');
Insert into DAPAT (NOTRANSAKSI,IDPEMANDU,IDBERANGKAT,IDFASILITAS) values ('TRA039','PEM008','BER008','FAS018');
Insert into DAPAT (NOTRANSAKSI,IDPEMANDU,IDBERANGKAT,IDFASILITAS) values ('TRA040','PEM008','BER008','FAS018');